Timestamp,AQI,Category,City,Dominant_Pollutant
2026-02-26 11:00:54,150,Moderate 🟠,Delhi,co
2026-02-26 11:00:54,100,Satisfactory 🟡,Mumbai,co
2026-02-26 11:00:54,250,Poor 🔴,Kolkata,co
2026-02-26 11:00:54,150,Moderate 🟠,Chennai,co
2026-02-26 11:00:54,150,Moderate 🟠,Bengaluru,co
2026-02-26 11:01:25,150,Moderate 🟠,Delhi,co
2026-02-26 11:01:25,100,Satisfactory 🟡,Mumbai,co
2026-02-26 11:01:25,250,Poor 🔴,Kolkata,co
2026-02-26 11:01:25,150,Moderate 🟠,Chennai,co
2026-02-26 11:01:25,150,Moderate 🟠,Bengaluru,co
2026-02-26 11:01:56,150,Moderate 🟠,Delhi,co
2026-02-26 11:01:56,100,Satisfactory 🟡,Mumbai,co
2026-02-26 11:01:57,250,Poor 🔴,Kolkata,co
2026-02-26 11:01:57,150,Moderate 🟠,Chennai,co
2026-02-26 11:01:57,150,Moderate 🟠,Bengaluru,co
2026-02-26 11:02:28,150,Moderate 🟠,Delhi,co
2026-02-26 11:02:28,100,Satisfactory 🟡,Mumbai,co
2026-02-26 11:02:28,250,Poor 🔴,Kolkata,co
2026-02-26 11:02:28,150,Moderate 🟠,Chennai,co
2026-02-26 11:02:28,150,Moderate 🟠,Bengaluru,co
2026-02-26 11:02:59,150,Moderate 🟠,Delhi,co
2026-02-26 11:02:59,100,Satisfactory 🟡,Mumbai,co
2026-02-26 11:02:59,250,Poor 🔴,Kolkata,co
2026-02-26 11:02:59,150,Moderate 🟠,Chennai,co
2026-02-26 11:03:00,150,Moderate 🟠,Bengaluru,co
2026-02-26 11:03:30,150,Moderate 🟠,Delhi,co
2026-02-26 11:03:31,100,Satisfactory 🟡,Mumbai,co
2026-02-26 11:03:31,250,Poor 🔴,Kolkata,co
2026-02-26 11:03:31,150,Moderate 🟠,Chennai,co
2026-02-26 11:03:31,150,Moderate 🟠,Bengaluru,co
2026-02-26 11:04:02,150,Moderate 🟠,Delhi,co
2026-02-26 11:04:02,100,Satisfactory 🟡,Mumbai,co
2026-02-26 11:04:02,250,Poor 🔴,Kolkata,co
2026-02-26 11:04:02,150,Moderate 🟠,Chennai,co
2026-02-26 11:04:02,150,Moderate 🟠,Bengaluru,co
2026-02-26 11:04:33,150,Moderate 🟠,Delhi,co
2026-02-26 11:04:33,100,Satisfactory 🟡,Mumbai,co
2026-02-26 11:04:33,250,Poor 🔴,Kolkata,co
2026-02-26 11:04:33,150,Moderate 🟠,Chennai,co
2026-02-26 11:04:33,150,Moderate 🟠,Bengaluru,co
2026-02-26 11:05:04,150,Moderate 🟠,Delhi,co
2026-02-26 11:05:04,100,Satisfactory 🟡,Mumbai,co
2026-02-26 11:05:05,250,Poor 🔴,Kolkata,co
2026-02-26 11:05:05,150,Moderate 🟠,Chennai,co
2026-02-26 11:05:05,150,Moderate 🟠,Bengaluru,co
2026-02-26 11:05:36,150,Moderate 🟠,Delhi,co
2026-02-26 11:05:36,100,Satisfactory 🟡,Mumbai,co
2026-02-26 11:05:36,250,Poor 🔴,Kolkata,co
2026-02-26 11:05:36,150,Moderate 🟠,Chennai,co
2026-02-26 11:05:36,150,Moderate 🟠,Bengaluru,co
2026-02-26 11:06:07,150,Moderate 🟠,Delhi,co
2026-02-26 11:06:07,100,Satisfactory 🟡,Mumbai,co
2026-02-26 11:06:07,250,Poor 🔴,Kolkata,co
2026-02-26 11:06:07,150,Moderate 🟠,Chennai,co
2026-02-26 11:06:07,150,Moderate 🟠,Bengaluru,co
2026-02-26 11:06:38,150,Moderate 🟠,Delhi,co
2026-02-26 11:06:38,100,Satisfactory 🟡,Mumbai,co
2026-02-26 11:06:38,250,Poor 🔴,Kolkata,co
2026-02-26 11:06:39,150,Moderate 🟠,Chennai,co
2026-02-26 11:06:39,150,Moderate 🟠,Bengaluru,co
2026-02-26 11:07:10,150,Moderate 🟠,Delhi,co
2026-02-26 11:07:10,100,Satisfactory 🟡,Mumbai,co
2026-02-26 11:07:10,250,Poor 🔴,Kolkata,co
2026-02-26 11:07:10,150,Moderate 🟠,Chennai,co
2026-02-26 11:07:10,150,Moderate 🟠,Bengaluru,co
2026-02-26 11:07:41,150,Moderate 🟠,Delhi,co
2026-02-26 11:07:41,100,Satisfactory 🟡,Mumbai,co
2026-02-26 11:07:42,250,Poor 🔴,Kolkata,co
2026-02-26 11:07:42,150,Moderate 🟠,Chennai,co
2026-02-26 11:07:42,150,Moderate 🟠,Bengaluru,co
2026-02-26 11:08:13,150,Moderate 🟠,Delhi,co
2026-02-26 11:08:13,100,Satisfactory 🟡,Mumbai,co
2026-02-26 11:08:13,250,Poor 🔴,Kolkata,co
2026-02-26 11:08:13,150,Moderate 🟠,Chennai,co
2026-02-26 11:08:13,150,Moderate 🟠,Bengaluru,co
2026-02-26 11:08:44,150,Moderate 🟠,Delhi,co
2026-02-26 11:08:44,100,Satisfactory 🟡,Mumbai,co
2026-02-26 11:08:44,250,Poor 🔴,Kolkata,co
2026-02-26 11:08:45,150,Moderate 🟠,Chennai,co
2026-02-26 11:08:45,150,Moderate 🟠,Bengaluru,co
2026-02-26 11:09:16,150,Moderate 🟠,Delhi,co
2026-02-26 11:09:16,100,Satisfactory 🟡,Mumbai,co
2026-02-26 11:09:16,250,Poor 🔴,Kolkata,co
2026-02-26 11:09:16,150,Moderate 🟠,Chennai,co
2026-02-26 11:09:16,150,Moderate 🟠,Bengaluru,co
2026-02-26 11:09:47,150,Moderate 🟠,Delhi,co
2026-02-26 11:09:47,100,Satisfactory 🟡,Mumbai,co
2026-02-26 11:09:47,250,Poor 🔴,Kolkata,co
2026-02-26 11:09:47,150,Moderate 🟠,Chennai,co
2026-02-26 11:09:47,150,Moderate 🟠,Bengaluru,co
2026-02-26 11:10:18,150,Moderate 🟠,Delhi,co
2026-02-26 11:10:18,100,Satisfactory 🟡,Mumbai,co
2026-02-26 11:10:18,250,Poor 🔴,Kolkata,co
2026-02-26 11:10:19,150,Moderate 🟠,Chennai,co
2026-02-26 11:10:19,150,Moderate 🟠,Bengaluru,co
2026-02-26 11:10:49,150,Moderate 🟠,Delhi,co
2026-02-26 11:10:49,100,Satisfactory 🟡,Mumbai,co
2026-02-26 11:10:49,250,Poor 🔴,Kolkata,co
2026-02-26 11:10:49,150,Moderate 🟠,Chennai,co
2026-02-26 11:10:49,150,Moderate 🟠,Bengaluru,co
2026-02-26 11:11:20,150,Moderate 🟠,Delhi,co
2026-02-26 11:11:20,100,Satisfactory 🟡,Mumbai,co
2026-02-26 11:11:20,250,Poor 🔴,Kolkata,co
2026-02-26 11:11:20,150,Moderate 🟠,Chennai,co
2026-02-26 11:11:21,150,Moderate 🟠,Bengaluru,co
2026-02-26 11:11:51,150,Moderate 🟠,Delhi,co
2026-02-26 11:11:52,100,Satisfactory 🟡,Mumbai,co
2026-02-26 11:11:52,250,Poor 🔴,Kolkata,co
2026-02-26 11:11:52,150,Moderate 🟠,Chennai,co
2026-02-26 11:11:52,150,Moderate 🟠,Bengaluru,co
2026-02-26 11:12:23,150,Moderate 🟠,Delhi,co
2026-02-26 11:12:23,100,Satisfactory 🟡,Mumbai,co
2026-02-26 11:12:23,250,Poor 🔴,Kolkata,co
2026-02-26 11:12:23,150,Moderate 🟠,Chennai,co
2026-02-26 11:12:23,150,Moderate 🟠,Bengaluru,co
2026-02-26 11:12:54,150,Moderate 🟠,Delhi,co
2026-02-26 11:12:54,100,Satisfactory 🟡,Mumbai,co
2026-02-26 11:12:54,250,Poor 🔴,Kolkata,co
2026-02-26 11:12:54,150,Moderate 🟠,Chennai,co
2026-02-26 11:12:54,150,Moderate 🟠,Bengaluru,co
2026-02-26 11:13:25,150,Moderate 🟠,Delhi,co
2026-02-26 11:13:25,100,Satisfactory 🟡,Mumbai,co
2026-02-26 11:13:26,250,Poor 🔴,Kolkata,co
2026-02-26 11:13:26,150,Moderate 🟠,Chennai,co
2026-02-26 11:13:26,150,Moderate 🟠,Bengaluru,co
2026-02-26 11:13:57,150,Moderate 🟠,Delhi,co
2026-02-26 11:13:57,100,Satisfactory 🟡,Mumbai,co
2026-02-26 11:13:57,250,Poor 🔴,Kolkata,co
2026-02-26 11:13:57,150,Moderate 🟠,Chennai,co
2026-02-26 11:13:57,150,Moderate 🟠,Bengaluru,co
2026-02-26 11:14:28,150,Moderate 🟠,Delhi,co
2026-02-26 11:14:28,100,Satisfactory 🟡,Mumbai,co
2026-02-26 11:14:28,250,Poor 🔴,Kolkata,co
2026-02-26 11:14:28,150,Moderate 🟠,Chennai,co
2026-02-26 11:14:28,150,Moderate 🟠,Bengaluru,co
2026-02-26 11:14:59,150,Moderate 🟠,Delhi,co
2026-02-26 11:15:00,100,Satisfactory 🟡,Mumbai,co
2026-02-26 11:15:00,250,Poor 🔴,Kolkata,co
2026-02-26 11:15:00,150,Moderate 🟠,Chennai,co
2026-02-26 11:15:00,150,Moderate 🟠,Bengaluru,co
2026-02-26 11:16:18,150,Moderate 🟠,Delhi,co
2026-02-26 11:16:18,100,Satisfactory 🟡,Mumbai,co
2026-02-26 11:16:18,250,Poor 🔴,Kolkata,co
2026-02-26 11:16:18,150,Moderate 🟠,Chennai,co
2026-02-26 11:16:19,150,Moderate 🟠,Bengaluru,co
2026-02-26 11:16:49,150,Moderate 🟠,Delhi,co
2026-02-26 11:16:49,100,Satisfactory 🟡,Mumbai,co
2026-02-26 11:16:50,250,Poor 🔴,Kolkata,co
2026-02-26 11:16:50,150,Moderate 🟠,Chennai,co
2026-02-26 11:16:50,150,Moderate 🟠,Bengaluru,co
2026-02-26 11:17:20,150,Moderate 🟠,Delhi,co
2026-02-26 11:17:20,100,Satisfactory 🟡,Mumbai,co
2026-02-26 11:17:20,250,Poor 🔴,Kolkata,co
2026-02-26 11:17:20,150,Moderate 🟠,Chennai,co
2026-02-26 11:17:20,150,Moderate 🟠,Bengaluru,co
2026-02-26 11:17:51,150,Moderate 🟠,Delhi,co
2026-02-26 11:17:51,100,Satisfactory 🟡,Mumbai,co
2026-02-26 11:17:52,250,Poor 🔴,Kolkata,co
2026-02-26 11:17:52,150,Moderate 🟠,Chennai,co
2026-02-26 11:17:52,150,Moderate 🟠,Bengaluru,co
2026-02-26 11:18:23,150,Moderate 🟠,Delhi,co
2026-02-26 11:18:23,100,Satisfactory 🟡,Mumbai,co
2026-02-26 11:18:23,250,Poor 🔴,Kolkata,co
2026-02-26 11:18:23,150,Moderate 🟠,Chennai,co
2026-02-26 11:18:24,150,Moderate 🟠,Bengaluru,co
2026-02-26 11:18:54,150,Moderate 🟠,Delhi,co
2026-02-26 11:18:54,100,Satisfactory 🟡,Mumbai,co
2026-02-26 11:18:54,250,Poor 🔴,Kolkata,co
2026-02-26 11:18:54,150,Moderate 🟠,Chennai,co
2026-02-26 11:18:54,150,Moderate 🟠,Bengaluru,co
2026-02-26 11:19:25,150,Moderate 🟠,Delhi,co
2026-02-26 11:19:25,100,Satisfactory 🟡,Mumbai,co
2026-02-26 11:19:25,250,Poor 🔴,Kolkata,co
2026-02-26 11:19:26,150,Moderate 🟠,Chennai,co
2026-02-26 11:19:26,150,Moderate 🟠,Bengaluru,co
2026-02-26 11:19:56,150,Moderate 🟠,Delhi,co
2026-02-26 11:19:57,100,Satisfactory 🟡,Mumbai,co
2026-02-26 11:19:57,250,Poor 🔴,Kolkata,co
2026-02-26 11:19:57,150,Moderate 🟠,Chennai,co
2026-02-26 11:19:57,150,Moderate 🟠,Bengaluru,co
2026-02-26 11:20:28,150,Moderate 🟠,Delhi,co
2026-02-26 11:20:28,100,Satisfactory 🟡,Mumbai,co
2026-02-26 11:20:28,250,Poor 🔴,Kolkata,co
2026-02-26 11:20:28,150,Moderate 🟠,Chennai,co
2026-02-26 11:20:29,150,Moderate 🟠,Bengaluru,co
2026-02-26 11:20:59,150,Moderate 🟠,Delhi,co
2026-02-26 11:21:00,100,Satisfactory 🟡,Mumbai,co
2026-02-26 11:21:00,250,Poor 🔴,Kolkata,co
2026-02-26 11:21:00,150,Moderate 🟠,Chennai,co
2026-02-26 11:21:00,150,Moderate 🟠,Bengaluru,co
2026-02-26 11:21:31,150,Moderate 🟠,Delhi,co
2026-02-26 11:21:31,100,Satisfactory 🟡,Mumbai,co
2026-02-26 11:21:31,250,Poor 🔴,Kolkata,co
2026-02-26 11:21:31,150,Moderate 🟠,Chennai,co
2026-02-26 11:21:31,150,Moderate 🟠,Bengaluru,co
2026-02-26 11:22:02,150,Moderate 🟠,Delhi,co
2026-02-26 11:22:02,100,Satisfactory 🟡,Mumbai,co
2026-02-26 11:22:03,250,Poor 🔴,Kolkata,co
2026-02-26 11:22:03,150,Moderate 🟠,Chennai,co
2026-02-26 11:22:03,150,Moderate 🟠,Bengaluru,co
2026-02-26 11:22:33,150,Moderate 🟠,Delhi,co
2026-02-26 11:22:33,100,Satisfactory 🟡,Mumbai,co
2026-02-26 11:22:33,250,Poor 🔴,Kolkata,co
2026-02-26 11:22:34,150,Moderate 🟠,Chennai,co
2026-02-26 11:22:34,150,Moderate 🟠,Bengaluru,co
2026-02-26 11:23:04,150,Moderate 🟠,Delhi,co
2026-02-26 11:23:05,100,Satisfactory 🟡,Mumbai,co
2026-02-26 11:23:05,250,Poor 🔴,Kolkata,co
2026-02-26 11:23:05,150,Moderate 🟠,Chennai,co
2026-02-26 11:23:05,150,Moderate 🟠,Bengaluru,co
2026-02-26 11:23:35,150,Moderate 🟠,Delhi,co
2026-02-26 11:23:35,100,Satisfactory 🟡,Mumbai,co
2026-02-26 11:23:36,250,Poor 🔴,Kolkata,co
2026-02-26 11:23:36,150,Moderate 🟠,Chennai,co
2026-02-26 11:23:36,150,Moderate 🟠,Bengaluru,co
2026-02-26 11:24:06,150,Moderate 🟠,Delhi,co
2026-02-26 11:24:06,100,Satisfactory 🟡,Mumbai,co
2026-02-26 11:24:06,250,Poor 🔴,Kolkata,co
2026-02-26 11:24:07,150,Moderate 🟠,Chennai,co
2026-02-26 11:24:07,150,Moderate 🟠,Bengaluru,co
2026-02-26 11:24:37,150,Moderate 🟠,Delhi,co
2026-02-26 11:24:38,100,Satisfactory 🟡,Mumbai,co
2026-02-26 11:24:38,250,Poor 🔴,Kolkata,co
2026-02-26 11:24:38,150,Moderate 🟠,Chennai,co
2026-02-26 11:24:38,150,Moderate 🟠,Bengaluru,co
2026-02-26 11:25:09,150,Moderate 🟠,Delhi,co
2026-02-26 11:25:09,100,Satisfactory 🟡,Mumbai,co
2026-02-26 11:25:09,250,Poor 🔴,Kolkata,co
2026-02-26 11:25:09,150,Moderate 🟠,Chennai,co
2026-02-26 11:25:10,150,Moderate 🟠,Bengaluru,co
2026-02-26 11:25:41,150,Moderate 🟠,Delhi,co
2026-02-26 11:25:41,100,Satisfactory 🟡,Mumbai,co
2026-02-26 11:25:41,250,Poor 🔴,Kolkata,co
2026-02-26 11:25:41,150,Moderate 🟠,Chennai,co
2026-02-26 11:25:41,150,Moderate 🟠,Bengaluru,co
2026-02-26 11:26:11,150,Moderate 🟠,Delhi,co
2026-02-26 11:26:12,100,Satisfactory 🟡,Mumbai,co
2026-02-26 11:26:12,250,Poor 🔴,Kolkata,co
2026-02-26 11:26:12,150,Moderate 🟠,Chennai,co
2026-02-26 11:26:12,150,Moderate 🟠,Bengaluru,co
2026-02-26 11:26:43,150,Moderate 🟠,Delhi,co
2026-02-26 11:26:43,100,Satisfactory 🟡,Mumbai,co
2026-02-26 11:26:43,250,Poor 🔴,Kolkata,co
2026-02-26 11:26:43,150,Moderate 🟠,Chennai,co
2026-02-26 11:26:43,150,Moderate 🟠,Bengaluru,co
2026-02-26 11:27:14,150,Moderate 🟠,Delhi,co
2026-02-26 11:27:15,100,Satisfactory 🟡,Mumbai,co
2026-02-26 11:27:15,250,Poor 🔴,Kolkata,co
2026-02-26 11:27:15,150,Moderate 🟠,Chennai,co
2026-02-26 11:27:15,150,Moderate 🟠,Bengaluru,co
2026-02-26 11:27:46,150,Moderate 🟠,Delhi,co
2026-02-26 11:27:46,100,Satisfactory 🟡,Mumbai,co
2026-02-26 11:27:47,250,Poor 🔴,Kolkata,co
2026-02-26 11:27:47,150,Moderate 🟠,Chennai,co
2026-02-26 11:27:47,150,Moderate 🟠,Bengaluru,co
2026-02-26 11:28:18,150,Moderate 🟠,Delhi,co
2026-02-26 11:28:18,100,Satisfactory 🟡,Mumbai,co
2026-02-26 11:28:18,250,Poor 🔴,Kolkata,co
2026-02-26 11:28:19,150,Moderate 🟠,Chennai,co
2026-02-26 11:28:19,150,Moderate 🟠,Bengaluru,co
2026-02-26 11:28:50,150,Moderate 🟠,Delhi,co
2026-02-26 11:28:50,100,Satisfactory 🟡,Mumbai,co
2026-02-26 11:28:50,250,Poor 🔴,Kolkata,co
2026-02-26 11:28:50,150,Moderate 🟠,Chennai,co
2026-02-26 11:28:51,150,Moderate 🟠,Bengaluru,co
2026-02-26 11:29:21,150,Moderate 🟠,Delhi,co
2026-02-26 11:29:21,100,Satisfactory 🟡,Mumbai,co
2026-02-26 11:29:21,250,Poor 🔴,Kolkata,co
2026-02-26 11:29:21,150,Moderate 🟠,Chennai,co
2026-02-26 11:29:22,150,Moderate 🟠,Bengaluru,co
2026-02-26 11:29:52,150,Moderate 🟠,Delhi,co
2026-02-26 11:29:52,100,Satisfactory 🟡,Mumbai,co
2026-02-26 11:29:53,250,Poor 🔴,Kolkata,co
2026-02-26 11:29:53,150,Moderate 🟠,Chennai,co
2026-02-26 11:29:53,150,Moderate 🟠,Bengaluru,co
2026-02-26 11:30:24,150,Moderate 🟠,Delhi,co
2026-02-26 11:30:24,100,Satisfactory 🟡,Mumbai,co
2026-02-26 11:30:24,250,Poor 🔴,Kolkata,co
2026-02-26 11:30:24,150,Moderate 🟠,Chennai,co
2026-02-26 11:30:25,150,Moderate 🟠,Bengaluru,co
2026-02-26 11:30:55,150,Moderate 🟠,Delhi,co
2026-02-26 11:30:56,100,Satisfactory 🟡,Mumbai,co
2026-02-26 11:30:56,250,Poor 🔴,Kolkata,co
2026-02-26 11:30:56,150,Moderate 🟠,Chennai,co
2026-02-26 11:30:56,150,Moderate 🟠,Bengaluru,co
2026-02-26 11:31:27,150,Moderate 🟠,Delhi,co
2026-02-26 11:31:27,100,Satisfactory 🟡,Mumbai,co
2026-02-26 11:31:27,250,Poor 🔴,Kolkata,co
2026-02-26 11:31:28,150,Moderate 🟠,Chennai,co
2026-02-26 11:31:28,150,Moderate 🟠,Bengaluru,co
2026-02-26 11:31:59,150,Moderate 🟠,Delhi,co
2026-02-26 11:31:59,100,Satisfactory 🟡,Mumbai,co
2026-02-26 11:31:59,250,Poor 🔴,Kolkata,co
2026-02-26 11:31:59,150,Moderate 🟠,Chennai,co
2026-02-26 11:31:59,150,Moderate 🟠,Bengaluru,co
2026-02-26 11:32:30,150,Moderate 🟠,Delhi,co
2026-02-26 11:32:30,100,Satisfactory 🟡,Mumbai,co
2026-02-26 11:32:30,250,Poor 🔴,Kolkata,co
2026-02-26 11:32:30,150,Moderate 🟠,Chennai,co
2026-02-26 11:32:31,150,Moderate 🟠,Bengaluru,co
2026-02-26 11:33:02,150,Moderate 🟠,Delhi,co
2026-02-26 11:33:02,100,Satisfactory 🟡,Mumbai,co
2026-02-26 11:33:02,250,Poor 🔴,Kolkata,co
2026-02-26 11:33:02,150,Moderate 🟠,Chennai,co
2026-02-26 11:33:02,150,Moderate 🟠,Bengaluru,co
2026-02-26 11:33:34,150,Moderate 🟠,Delhi,co
2026-02-26 11:33:34,100,Satisfactory 🟡,Mumbai,co
2026-02-26 11:33:34,250,Poor 🔴,Kolkata,co
2026-02-26 11:33:34,150,Moderate 🟠,Chennai,co
2026-02-26 11:33:34,150,Moderate 🟠,Bengaluru,co
2026-02-26 11:34:05,150,Moderate 🟠,Delhi,co
2026-02-26 11:34:05,100,Satisfactory 🟡,Mumbai,co
2026-02-26 11:34:06,250,Poor 🔴,Kolkata,co
2026-02-26 11:34:06,150,Moderate 🟠,Chennai,co
2026-02-26 11:34:06,150,Moderate 🟠,Bengaluru,co
2026-02-26 11:34:37,150,Moderate 🟠,Delhi,co
2026-02-26 11:34:37,100,Satisfactory 🟡,Mumbai,co
2026-02-26 11:34:38,250,Poor 🔴,Kolkata,co
2026-02-26 11:34:38,150,Moderate 🟠,Chennai,co
2026-02-26 11:34:38,150,Moderate 🟠,Bengaluru,co
2026-02-26 11:35:09,150,Moderate 🟠,Delhi,co
2026-02-26 11:35:09,100,Satisfactory 🟡,Mumbai,co
2026-02-26 11:35:09,250,Poor 🔴,Kolkata,co
2026-02-26 11:35:09,150,Moderate 🟠,Chennai,co
2026-02-26 11:35:10,150,Moderate 🟠,Bengaluru,co
2026-02-26 11:35:41,150,Moderate 🟠,Delhi,co
2026-02-26 11:35:41,100,Satisfactory 🟡,Mumbai,co
2026-02-26 11:35:41,250,Poor 🔴,Kolkata,co
2026-02-26 11:35:41,150,Moderate 🟠,Chennai,co
2026-02-26 11:35:41,150,Moderate 🟠,Bengaluru,co
2026-02-26 11:36:12,150,Moderate 🟠,Delhi,co
2026-02-26 11:36:12,100,Satisfactory 🟡,Mumbai,co
2026-02-26 11:36:13,250,Poor 🔴,Kolkata,co
2026-02-26 11:36:13,150,Moderate 🟠,Chennai,co
2026-02-26 11:36:13,150,Moderate 🟠,Bengaluru,co
2026-02-26 11:36:44,150,Moderate 🟠,Delhi,co
2026-02-26 11:36:44,100,Satisfactory 🟡,Mumbai,co
2026-02-26 11:36:44,250,Poor 🔴,Kolkata,co
2026-02-26 11:36:45,150,Moderate 🟠,Chennai,co
2026-02-26 11:36:45,150,Moderate 🟠,Bengaluru,co
2026-02-26 11:37:16,150,Moderate 🟠,Delhi,co
2026-02-26 11:37:16,100,Satisfactory 🟡,Mumbai,co
2026-02-26 11:37:16,250,Poor 🔴,Kolkata,co
2026-02-26 11:37:16,150,Moderate 🟠,Chennai,co
2026-02-26 11:37:17,150,Moderate 🟠,Bengaluru,co
2026-02-26 11:37:48,150,Moderate 🟠,Delhi,co
2026-02-26 11:37:48,100,Satisfactory 🟡,Mumbai,co
2026-02-26 11:37:48,250,Poor 🔴,Kolkata,co
2026-02-26 11:37:48,150,Moderate 🟠,Chennai,co
2026-02-26 11:37:48,150,Moderate 🟠,Bengaluru,co
2026-02-26 11:38:20,200,Moderate 🟠,Delhi,co
2026-02-26 11:38:20,100,Satisfactory 🟡,Mumbai,co
2026-02-26 11:38:20,250,Poor 🔴,Kolkata,co
2026-02-26 11:38:20,150,Moderate 🟠,Chennai,co
2026-02-26 11:38:21,150,Moderate 🟠,Bengaluru,co
2026-02-26 11:38:52,200,Moderate 🟠,Delhi,co
2026-02-26 11:38:52,100,Satisfactory 🟡,Mumbai,co
2026-02-26 11:38:52,250,Poor 🔴,Kolkata,co
2026-02-26 11:38:52,150,Moderate 🟠,Chennai,co
2026-02-26 11:38:53,150,Moderate 🟠,Bengaluru,co
2026-02-26 11:39:24,200,Moderate 🟠,Delhi,co
2026-02-26 11:39:24,100,Satisfactory 🟡,Mumbai,co
2026-02-26 11:39:24,250,Poor 🔴,Kolkata,co
2026-02-26 11:39:24,150,Moderate 🟠,Chennai,co
2026-02-26 11:39:25,150,Moderate 🟠,Bengaluru,co
2026-02-26 11:39:56,200,Moderate 🟠,Delhi,co
2026-02-26 11:39:56,100,Satisfactory 🟡,Mumbai,co
2026-02-26 11:39:56,250,Poor 🔴,Kolkata,co
2026-02-26 11:39:56,150,Moderate 🟠,Chennai,co
2026-02-26 11:39:56,150,Moderate 🟠,Bengaluru,co
2026-02-26 11:40:26,200,Moderate 🟠,Delhi,co
2026-02-26 11:40:27,100,Satisfactory 🟡,Mumbai,co
2026-02-26 11:40:27,250,Poor 🔴,Kolkata,co
2026-02-26 11:40:27,150,Moderate 🟠,Chennai,co
2026-02-26 11:40:28,150,Moderate 🟠,Bengaluru,co
2026-02-26 11:40:58,200,Moderate 🟠,Delhi,co
2026-02-26 11:40:58,100,Satisfactory 🟡,Mumbai,co
2026-02-26 11:40:58,250,Poor 🔴,Kolkata,co
2026-02-26 11:40:59,150,Moderate 🟠,Chennai,co
2026-02-26 11:40:59,150,Moderate 🟠,Bengaluru,co
2026-02-26 11:41:30,200,Moderate 🟠,Delhi,co
2026-02-26 11:41:30,100,Satisfactory 🟡,Mumbai,co
2026-02-26 11:41:30,250,Poor 🔴,Kolkata,co
2026-02-26 11:41:30,150,Moderate 🟠,Chennai,co
2026-02-26 11:41:30,150,Moderate 🟠,Bengaluru,co
2026-02-26 11:42:01,200,Moderate 🟠,Delhi,co
2026-02-26 11:42:02,100,Satisfactory 🟡,Mumbai,co
2026-02-26 11:42:02,250,Poor 🔴,Kolkata,co
2026-02-26 11:42:02,150,Moderate 🟠,Chennai,co
2026-02-26 11:42:02,150,Moderate 🟠,Bengaluru,co
2026-02-26 11:42:33,200,Moderate 🟠,Delhi,co
2026-02-26 11:42:33,100,Satisfactory 🟡,Mumbai,co
2026-02-26 11:42:33,250,Poor 🔴,Kolkata,co
2026-02-26 11:42:33,150,Moderate 🟠,Chennai,co
2026-02-26 11:42:34,150,Moderate 🟠,Bengaluru,co
2026-02-26 11:43:05,200,Moderate 🟠,Delhi,co
2026-02-26 11:43:05,100,Satisfactory 🟡,Mumbai,co
2026-02-26 11:43:05,250,Poor 🔴,Kolkata,co
2026-02-26 11:43:05,150,Moderate 🟠,Chennai,co
2026-02-26 11:43:05,150,Moderate 🟠,Bengaluru,co
2026-02-26 11:43:36,200,Moderate 🟠,Delhi,co
2026-02-26 11:43:37,100,Satisfactory 🟡,Mumbai,co
2026-02-26 11:43:37,250,Poor 🔴,Kolkata,co
2026-02-26 11:43:37,150,Moderate 🟠,Chennai,co
2026-02-26 11:43:37,150,Moderate 🟠,Bengaluru,co
2026-02-26 11:44:08,200,Moderate 🟠,Delhi,co
2026-02-26 11:44:08,100,Satisfactory 🟡,Mumbai,co
2026-02-26 11:44:08,250,Poor 🔴,Kolkata,co
2026-02-26 11:44:08,150,Moderate 🟠,Chennai,co
2026-02-26 11:44:09,150,Moderate 🟠,Bengaluru,co
2026-02-26 11:44:40,200,Moderate 🟠,Delhi,co
2026-02-26 11:44:40,100,Satisfactory 🟡,Mumbai,co
2026-02-26 11:44:40,250,Poor 🔴,Kolkata,co
2026-02-26 11:44:40,150,Moderate 🟠,Chennai,co
2026-02-26 11:44:40,150,Moderate 🟠,Bengaluru,co
2026-02-26 11:45:11,200,Moderate 🟠,Delhi,co
2026-02-26 11:45:11,100,Satisfactory 🟡,Mumbai,co
2026-02-26 11:45:11,250,Poor 🔴,Kolkata,co
2026-02-26 11:45:12,150,Moderate 🟠,Chennai,co
2026-02-26 11:45:12,150,Moderate 🟠,Bengaluru,co
2026-02-26 11:45:43,200,Moderate 🟠,Delhi,co
2026-02-26 11:45:43,100,Satisfactory 🟡,Mumbai,co
2026-02-26 11:45:43,250,Poor 🔴,Kolkata,co
2026-02-26 11:45:43,150,Moderate 🟠,Chennai,co
2026-02-26 11:45:43,150,Moderate 🟠,Bengaluru,co
2026-02-26 11:46:14,200,Moderate 🟠,Delhi,co
2026-02-26 11:46:15,100,Satisfactory 🟡,Mumbai,co
2026-02-26 11:46:15,250,Poor 🔴,Kolkata,co
2026-02-26 11:46:15,150,Moderate 🟠,Chennai,co
2026-02-26 11:46:15,150,Moderate 🟠,Bengaluru,co
2026-02-26 11:46:46,200,Moderate 🟠,Delhi,co
2026-02-26 11:46:46,100,Satisfactory 🟡,Mumbai,co
2026-02-26 11:46:46,250,Poor 🔴,Kolkata,co
2026-02-26 11:46:46,150,Moderate 🟠,Chennai,co
2026-02-26 11:46:46,150,Moderate 🟠,Bengaluru,co
2026-02-26 11:47:17,200,Moderate 🟠,Delhi,co
2026-02-26 11:47:18,100,Satisfactory 🟡,Mumbai,co
2026-02-26 11:47:18,250,Poor 🔴,Kolkata,co
2026-02-26 11:47:18,150,Moderate 🟠,Chennai,co
2026-02-26 11:47:18,150,Moderate 🟠,Bengaluru,co
2026-02-26 11:47:49,200,Moderate 🟠,Delhi,co
2026-02-26 11:47:49,100,Satisfactory 🟡,Mumbai,co
2026-02-26 11:47:49,250,Poor 🔴,Kolkata,co
2026-02-26 11:47:49,150,Moderate 🟠,Chennai,co
2026-02-26 11:47:49,150,Moderate 🟠,Bengaluru,co
2026-02-26 11:48:21,200,Moderate 🟠,Delhi,co
2026-02-26 11:48:21,100,Satisfactory 🟡,Mumbai,co
2026-02-26 11:48:21,250,Poor 🔴,Kolkata,co
2026-02-26 11:48:21,150,Moderate 🟠,Chennai,co
2026-02-26 11:48:21,150,Moderate 🟠,Bengaluru,co
2026-02-26 11:48:52,200,Moderate 🟠,Delhi,co
2026-02-26 11:48:53,100,Satisfactory 🟡,Mumbai,co
2026-02-26 11:48:53,250,Poor 🔴,Kolkata,co
2026-02-26 11:48:53,150,Moderate 🟠,Chennai,co
2026-02-26 11:48:53,150,Moderate 🟠,Bengaluru,co
2026-02-26 11:49:24,200,Moderate 🟠,Delhi,co
2026-02-26 11:49:24,100,Satisfactory 🟡,Mumbai,co
2026-02-26 11:49:25,250,Poor 🔴,Kolkata,co
2026-02-26 11:49:25,150,Moderate 🟠,Chennai,co
2026-02-26 11:49:25,150,Moderate 🟠,Bengaluru,co
2026-02-26 11:49:56,200,Moderate 🟠,Delhi,co
2026-02-26 11:49:56,100,Satisfactory 🟡,Mumbai,co
2026-02-26 11:49:56,250,Poor 🔴,Kolkata,co
2026-02-26 11:49:56,150,Moderate 🟠,Chennai,co
2026-02-26 11:49:56,150,Moderate 🟠,Bengaluru,co
2026-02-26 11:50:27,200,Moderate 🟠,Delhi,co
2026-02-26 11:50:27,100,Satisfactory 🟡,Mumbai,co
2026-02-26 11:50:27,250,Poor 🔴,Kolkata,co
2026-02-26 11:50:27,150,Moderate 🟠,Chennai,co
2026-02-26 11:50:28,150,Moderate 🟠,Bengaluru,co
2026-02-26 11:50:58,200,Moderate 🟠,Delhi,co
2026-02-26 11:50:58,100,Satisfactory 🟡,Mumbai,co
2026-02-26 11:50:59,250,Poor 🔴,Kolkata,co
2026-02-26 11:50:59,150,Moderate 🟠,Chennai,co
2026-02-26 11:50:59,150,Moderate 🟠,Bengaluru,co
2026-02-26 11:51:30,200,Moderate 🟠,Delhi,co
2026-02-26 11:51:30,100,Satisfactory 🟡,Mumbai,co
2026-02-26 11:51:30,250,Poor 🔴,Kolkata,co
2026-02-26 11:51:30,150,Moderate 🟠,Chennai,co
2026-02-26 11:51:30,150,Moderate 🟠,Bengaluru,co
2026-02-26 11:52:01,200,Moderate 🟠,Delhi,co
2026-02-26 11:52:02,100,Satisfactory 🟡,Mumbai,co
2026-02-26 11:52:02,250,Poor 🔴,Kolkata,co
2026-02-26 11:52:02,150,Moderate 🟠,Chennai,co
2026-02-26 11:52:02,150,Moderate 🟠,Bengaluru,co
2026-02-26 11:52:33,200,Moderate 🟠,Delhi,co
2026-02-26 11:52:33,100,Satisfactory 🟡,Mumbai,co
2026-02-26 11:52:33,250,Poor 🔴,Kolkata,co
2026-02-26 11:52:33,150,Moderate 🟠,Chennai,co
2026-02-26 11:52:34,150,Moderate 🟠,Bengaluru,co
2026-02-26 11:53:05,200,Moderate 🟠,Delhi,co
2026-02-26 11:53:05,100,Satisfactory 🟡,Mumbai,co
2026-02-26 11:53:05,250,Poor 🔴,Kolkata,co
2026-02-26 11:53:05,150,Moderate 🟠,Chennai,co
2026-02-26 11:53:05,150,Moderate 🟠,Bengaluru,co
2026-02-26 11:53:36,200,Moderate 🟠,Delhi,co
2026-02-26 11:53:36,100,Satisfactory 🟡,Mumbai,co
2026-02-26 11:53:37,250,Poor 🔴,Kolkata,co
2026-02-26 11:53:37,150,Moderate 🟠,Chennai,co
2026-02-26 11:53:37,150,Moderate 🟠,Bengaluru,co
2026-02-26 11:54:08,200,Moderate 🟠,Delhi,co
2026-02-26 11:54:08,100,Satisfactory 🟡,Mumbai,co
2026-02-26 11:54:08,250,Poor 🔴,Kolkata,co
2026-02-26 11:54:09,150,Moderate 🟠,Chennai,co
2026-02-26 11:54:09,150,Moderate 🟠,Bengaluru,co
2026-02-26 11:54:40,200,Moderate 🟠,Delhi,co
2026-02-26 11:54:40,100,Satisfactory 🟡,Mumbai,co
2026-02-26 11:54:40,250,Poor 🔴,Kolkata,co
2026-02-26 11:54:40,150,Moderate 🟠,Chennai,co
2026-02-26 11:54:41,150,Moderate 🟠,Bengaluru,co
2026-02-26 11:55:11,200,Moderate 🟠,Delhi,co
2026-02-26 11:55:12,100,Satisfactory 🟡,Mumbai,co
2026-02-26 11:55:12,250,Poor 🔴,Kolkata,co
2026-02-26 11:55:12,150,Moderate 🟠,Chennai,co
2026-02-26 11:55:12,150,Moderate 🟠,Bengaluru,co
2026-02-26 11:55:43,200,Moderate 🟠,Delhi,co
2026-02-26 11:55:43,100,Satisfactory 🟡,Mumbai,co
2026-02-26 11:55:43,250,Poor 🔴,Kolkata,co
2026-02-26 11:55:43,150,Moderate 🟠,Chennai,co
2026-02-26 11:55:44,150,Moderate 🟠,Bengaluru,co
2026-02-26 11:56:15,200,Moderate 🟠,Delhi,co
2026-02-26 11:56:15,100,Satisfactory 🟡,Mumbai,co
2026-02-26 11:56:15,250,Poor 🔴,Kolkata,co
2026-02-26 11:56:15,150,Moderate 🟠,Chennai,co
2026-02-26 11:56:15,150,Moderate 🟠,Bengaluru,co
2026-02-26 11:56:46,200,Moderate 🟠,Delhi,co
2026-02-26 11:56:47,100,Satisfactory 🟡,Mumbai,co
2026-02-26 11:56:47,250,Poor 🔴,Kolkata,co
2026-02-26 11:56:47,150,Moderate 🟠,Chennai,co
2026-02-26 11:56:47,150,Moderate 🟠,Bengaluru,co
2026-02-26 11:57:18,200,Moderate 🟠,Delhi,co
2026-02-26 11:57:18,100,Satisfactory 🟡,Mumbai,co
2026-02-26 11:57:18,250,Poor 🔴,Kolkata,co
2026-02-26 11:57:18,150,Moderate 🟠,Chennai,co
2026-02-26 11:57:19,150,Moderate 🟠,Bengaluru,co
2026-02-26 11:57:50,200,Moderate 🟠,Delhi,co
2026-02-26 11:57:50,100,Satisfactory 🟡,Mumbai,co
2026-02-26 11:57:50,250,Poor 🔴,Kolkata,co
2026-02-26 11:57:50,150,Moderate 🟠,Chennai,co
2026-02-26 11:57:50,150,Moderate 🟠,Bengaluru,co
2026-02-26 11:58:21,200,Moderate 🟠,Delhi,co
2026-02-26 11:58:21,100,Satisfactory 🟡,Mumbai,co
2026-02-26 11:58:21,250,Poor 🔴,Kolkata,co
2026-02-26 11:58:22,150,Moderate 🟠,Chennai,co
2026-02-26 11:58:22,150,Moderate 🟠,Bengaluru,co
2026-02-26 11:58:53,200,Moderate 🟠,Delhi,co
2026-02-26 11:58:53,100,Satisfactory 🟡,Mumbai,co
2026-02-26 11:58:53,250,Poor 🔴,Kolkata,co
2026-02-26 11:58:53,150,Moderate 🟠,Chennai,co
2026-02-26 11:58:53,150,Moderate 🟠,Bengaluru,co
2026-02-26 11:59:24,200,Moderate 🟠,Delhi,co
2026-02-26 11:59:25,100,Satisfactory 🟡,Mumbai,co
2026-02-26 11:59:25,250,Poor 🔴,Kolkata,co
2026-02-26 11:59:25,150,Moderate 🟠,Chennai,co
2026-02-26 11:59:25,150,Moderate 🟠,Bengaluru,co
2026-02-26 11:59:55,200,Moderate 🟠,Delhi,co
2026-02-26 11:59:55,100,Satisfactory 🟡,Mumbai,co
2026-02-26 11:59:55,250,Poor 🔴,Kolkata,co
2026-02-26 11:59:56,150,Moderate 🟠,Chennai,co
2026-02-26 11:59:56,150,Moderate 🟠,Bengaluru,co
2026-02-26 12:00:27,200,Moderate 🟠,Delhi,co
2026-02-26 12:00:27,100,Satisfactory 🟡,Mumbai,co
2026-02-26 12:00:27,250,Poor 🔴,Kolkata,co
2026-02-26 12:00:28,150,Moderate 🟠,Chennai,co
2026-02-26 12:00:28,150,Moderate 🟠,Bengaluru,co
2026-02-26 12:00:59,200,Moderate 🟠,Delhi,co
2026-02-26 12:00:59,100,Satisfactory 🟡,Mumbai,co
2026-02-26 12:00:59,250,Poor 🔴,Kolkata,co
2026-02-26 12:00:59,150,Moderate 🟠,Chennai,co
2026-02-26 12:00:59,150,Moderate 🟠,Bengaluru,co
2026-02-26 12:01:30,200,Moderate 🟠,Delhi,co
2026-02-26 12:01:30,100,Satisfactory 🟡,Mumbai,co
2026-02-26 12:01:31,250,Poor 🔴,Kolkata,co
2026-02-26 12:01:31,150,Moderate 🟠,Chennai,co
2026-02-26 12:01:31,150,Moderate 🟠,Bengaluru,co
2026-02-26 12:02:02,200,Moderate 🟠,Delhi,co
2026-02-26 12:02:02,100,Satisfactory 🟡,Mumbai,co
2026-02-26 12:02:02,250,Poor 🔴,Kolkata,co
2026-02-26 12:02:02,150,Moderate 🟠,Chennai,co
2026-02-26 12:02:02,150,Moderate 🟠,Bengaluru,co
2026-02-26 12:02:33,200,Moderate 🟠,Delhi,co
2026-02-26 12:02:34,100,Satisfactory 🟡,Mumbai,co
2026-02-26 12:02:34,250,Poor 🔴,Kolkata,co
2026-02-26 12:02:34,150,Moderate 🟠,Chennai,co
2026-02-26 12:02:34,150,Moderate 🟠,Bengaluru,co
2026-02-26 12:03:05,200,Moderate 🟠,Delhi,co
2026-02-26 12:03:05,100,Satisfactory 🟡,Mumbai,co
2026-02-26 12:03:05,250,Poor 🔴,Kolkata,co
2026-02-26 12:03:05,150,Moderate 🟠,Chennai,co
2026-02-26 12:03:06,150,Moderate 🟠,Bengaluru,co
2026-02-26 12:03:37,200,Moderate 🟠,Delhi,co
2026-02-26 12:03:37,100,Satisfactory 🟡,Mumbai,co
2026-02-26 12:03:37,250,Poor 🔴,Kolkata,co
2026-02-26 12:03:37,150,Moderate 🟠,Chennai,co
2026-02-26 12:03:37,150,Moderate 🟠,Bengaluru,co
2026-02-26 12:04:09,200,Moderate 🟠,Delhi,co
2026-02-26 12:04:09,100,Satisfactory 🟡,Mumbai,co
2026-02-26 12:04:09,250,Poor 🔴,Kolkata,co
2026-02-26 12:04:09,150,Moderate 🟠,Chennai,co
2026-02-26 12:04:10,150,Moderate 🟠,Bengaluru,co
2026-02-26 12:04:41,200,Moderate 🟠,Delhi,co
2026-02-26 12:04:41,100,Satisfactory 🟡,Mumbai,co
2026-02-26 12:04:42,250,Poor 🔴,Kolkata,co
2026-02-26 12:04:42,150,Moderate 🟠,Chennai,co
2026-02-26 12:04:42,150,Moderate 🟠,Bengaluru,co
2026-02-26 12:05:13,200,Moderate 🟠,Delhi,co
2026-02-26 12:05:13,100,Satisfactory 🟡,Mumbai,co
2026-02-26 12:05:13,250,Poor 🔴,Kolkata,co
2026-02-26 12:05:13,150,Moderate 🟠,Chennai,co
2026-02-26 12:05:14,150,Moderate 🟠,Bengaluru,co
2026-02-26 12:05:45,200,Moderate 🟠,Delhi,co
2026-02-26 12:05:45,100,Satisfactory 🟡,Mumbai,co
2026-02-26 12:05:45,250,Poor 🔴,Kolkata,co
2026-02-26 12:05:45,150,Moderate 🟠,Chennai,co
2026-02-26 12:05:46,150,Moderate 🟠,Bengaluru,co
2026-02-26 12:06:16,200,Moderate 🟠,Delhi,co
2026-02-26 12:06:16,100,Satisfactory 🟡,Mumbai,co
2026-02-26 12:06:16,250,Poor 🔴,Kolkata,co
2026-02-26 12:06:17,150,Moderate 🟠,Chennai,co
2026-02-26 12:06:17,150,Moderate 🟠,Bengaluru,co
2026-02-26 12:06:48,200,Moderate 🟠,Delhi,co
2026-02-26 12:06:48,100,Satisfactory 🟡,Mumbai,co
2026-02-26 12:06:48,250,Poor 🔴,Kolkata,co
2026-02-26 12:06:48,150,Moderate 🟠,Chennai,co
2026-02-26 12:06:48,150,Moderate 🟠,Bengaluru,co
2026-02-26 12:07:19,200,Moderate 🟠,Delhi,co
2026-02-26 12:07:20,100,Satisfactory 🟡,Mumbai,co
2026-02-26 12:07:20,250,Poor 🔴,Kolkata,co
2026-02-26 12:07:20,150,Moderate 🟠,Chennai,co
2026-02-26 12:07:20,150,Moderate 🟠,Bengaluru,co
2026-02-26 12:07:51,200,Moderate 🟠,Delhi,co
2026-02-26 12:07:51,100,Satisfactory 🟡,Mumbai,co
2026-02-26 12:07:52,250,Poor 🔴,Kolkata,co
2026-02-26 12:07:52,150,Moderate 🟠,Chennai,co
2026-02-26 12:07:52,150,Moderate 🟠,Bengaluru,co
2026-02-26 12:08:23,200,Moderate 🟠,Delhi,co
2026-02-26 12:08:23,100,Satisfactory 🟡,Mumbai,co
2026-02-26 12:08:23,250,Poor 🔴,Kolkata,co
2026-02-26 12:08:24,150,Moderate 🟠,Chennai,co
2026-02-26 12:08:24,150,Moderate 🟠,Bengaluru,co
2026-02-26 12:08:55,200,Moderate 🟠,Delhi,co
2026-02-26 12:08:55,100,Satisfactory 🟡,Mumbai,co
2026-02-26 12:08:55,250,Poor 🔴,Kolkata,co
2026-02-26 12:08:55,150,Moderate 🟠,Chennai,co
2026-02-26 12:08:55,150,Moderate 🟠,Bengaluru,co
2026-02-26 12:09:27,200,Moderate 🟠,Delhi,co
2026-02-26 12:09:27,100,Satisfactory 🟡,Mumbai,co
2026-02-26 12:09:27,250,Poor 🔴,Kolkata,co
2026-02-26 12:09:27,150,Moderate 🟠,Chennai,co
2026-02-26 12:09:27,150,Moderate 🟠,Bengaluru,co
2026-02-26 12:09:59,200,Moderate 🟠,Delhi,co
2026-02-26 12:09:59,100,Satisfactory 🟡,Mumbai,co
2026-02-26 12:09:59,250,Poor 🔴,Kolkata,co
2026-02-26 12:09:59,150,Moderate 🟠,Chennai,co
2026-02-26 12:10:00,150,Moderate 🟠,Bengaluru,co
2026-02-26 12:10:31,200,Moderate 🟠,Delhi,co
2026-02-26 12:10:31,100,Satisfactory 🟡,Mumbai,co
2026-02-26 12:10:31,250,Poor 🔴,Kolkata,co
2026-02-26 12:10:31,150,Moderate 🟠,Chennai,co
2026-02-26 12:10:31,150,Moderate 🟠,Bengaluru,co
2026-02-26 12:11:02,200,Moderate 🟠,Delhi,co
2026-02-26 12:11:03,100,Satisfactory 🟡,Mumbai,co
2026-02-26 12:11:03,250,Poor 🔴,Kolkata,co
2026-02-26 12:11:03,150,Moderate 🟠,Chennai,co
2026-02-26 12:11:03,150,Moderate 🟠,Bengaluru,co
2026-02-26 12:11:34,200,Moderate 🟠,Delhi,co
2026-02-26 12:11:34,100,Satisfactory 🟡,Mumbai,co
2026-02-26 12:11:34,250,Poor 🔴,Kolkata,co
2026-02-26 12:11:35,150,Moderate 🟠,Chennai,co
2026-02-26 12:11:35,150,Moderate 🟠,Bengaluru,co
2026-02-26 12:12:05,200,Moderate 🟠,Delhi,co
2026-02-26 12:12:05,100,Satisfactory 🟡,Mumbai,co
2026-02-26 12:12:05,250,Poor 🔴,Kolkata,co
2026-02-26 12:12:05,150,Moderate 🟠,Chennai,co
2026-02-26 12:12:05,150,Moderate 🟠,Bengaluru,co
2026-02-26 12:12:36,200,Moderate 🟠,Delhi,co
2026-02-26 12:12:36,100,Satisfactory 🟡,Mumbai,co
2026-02-26 12:12:36,250,Poor 🔴,Kolkata,co
2026-02-26 12:12:36,150,Moderate 🟠,Chennai,co
2026-02-26 12:12:36,150,Moderate 🟠,Bengaluru,co
2026-02-26 12:13:08,200,Moderate 🟠,Delhi,co
2026-02-26 12:13:08,100,Satisfactory 🟡,Mumbai,co
2026-02-26 12:13:08,250,Poor 🔴,Kolkata,co
2026-02-26 12:13:09,150,Moderate 🟠,Chennai,co
2026-02-26 12:13:09,150,Moderate 🟠,Bengaluru,co
2026-02-26 12:13:39,200,Moderate 🟠,Delhi,co
2026-02-26 12:13:39,100,Satisfactory 🟡,Mumbai,co
2026-02-26 12:13:39,250,Poor 🔴,Kolkata,co
2026-02-26 12:13:39,150,Moderate 🟠,Chennai,co
2026-02-26 12:13:39,150,Moderate 🟠,Bengaluru,co
2026-02-26 12:14:10,200,Moderate 🟠,Delhi,co
2026-02-26 12:14:10,100,Satisfactory 🟡,Mumbai,co
2026-02-26 12:14:11,250,Poor 🔴,Kolkata,co
2026-02-26 12:14:11,150,Moderate 🟠,Chennai,co
2026-02-26 12:14:11,150,Moderate 🟠,Bengaluru,co
2026-02-26 12:14:42,200,Moderate 🟠,Delhi,co
2026-02-26 12:14:42,100,Satisfactory 🟡,Mumbai,co
2026-02-26 12:14:42,250,Poor 🔴,Kolkata,co
2026-02-26 12:14:42,150,Moderate 🟠,Chennai,co
2026-02-26 12:14:42,150,Moderate 🟠,Bengaluru,co
2026-02-26 12:15:13,200,Moderate 🟠,Delhi,co
2026-02-26 12:15:13,100,Satisfactory 🟡,Mumbai,co
2026-02-26 12:15:13,250,Poor 🔴,Kolkata,co
2026-02-26 12:15:14,150,Moderate 🟠,Chennai,co
2026-02-26 12:15:14,150,Moderate 🟠,Bengaluru,co
2026-02-26 12:15:44,200,Moderate 🟠,Delhi,co
2026-02-26 12:15:44,100,Satisfactory 🟡,Mumbai,co
2026-02-26 12:15:44,250,Poor 🔴,Kolkata,co
2026-02-26 12:15:44,150,Moderate 🟠,Chennai,co
2026-02-26 12:15:44,150,Moderate 🟠,Bengaluru,co
2026-02-26 12:16:15,200,Moderate 🟠,Delhi,co
2026-02-26 12:16:15,100,Satisfactory 🟡,Mumbai,co
2026-02-26 12:16:15,250,Poor 🔴,Kolkata,co
2026-02-26 12:16:15,150,Moderate 🟠,Chennai,co
2026-02-26 12:16:15,150,Moderate 🟠,Bengaluru,co
2026-02-26 12:16:46,200,Moderate 🟠,Delhi,co
2026-02-26 12:16:46,100,Satisfactory 🟡,Mumbai,co
2026-02-26 12:16:46,250,Poor 🔴,Kolkata,co
2026-02-26 12:16:46,150,Moderate 🟠,Chennai,co
2026-02-26 12:16:47,150,Moderate 🟠,Bengaluru,co
2026-02-26 12:17:18,200,Moderate 🟠,Delhi,co
2026-02-26 12:17:18,100,Satisfactory 🟡,Mumbai,co
2026-02-26 12:17:18,250,Poor 🔴,Kolkata,co
2026-02-26 12:17:18,150,Moderate 🟠,Chennai,co
2026-02-26 12:17:18,150,Moderate 🟠,Bengaluru,co
2026-02-26 12:17:49,200,Moderate 🟠,Delhi,co
2026-02-26 12:17:49,100,Satisfactory 🟡,Mumbai,co
2026-02-26 12:17:50,250,Poor 🔴,Kolkata,co
2026-02-26 12:17:50,150,Moderate 🟠,Chennai,co
2026-02-26 12:17:50,150,Moderate 🟠,Bengaluru,co
2026-02-26 12:18:21,200,Moderate 🟠,Delhi,co
2026-02-26 12:18:21,100,Satisfactory 🟡,Mumbai,co
2026-02-26 12:18:21,250,Poor 🔴,Kolkata,co
2026-02-26 12:18:21,150,Moderate 🟠,Chennai,co
2026-02-26 12:18:21,150,Moderate 🟠,Bengaluru,co
2026-02-26 12:18:52,200,Moderate 🟠,Delhi,co
2026-02-26 12:18:52,100,Satisfactory 🟡,Mumbai,co
2026-02-26 12:18:52,250,Poor 🔴,Kolkata,co
2026-02-26 12:18:52,150,Moderate 🟠,Chennai,co
2026-02-26 12:18:53,150,Moderate 🟠,Bengaluru,co
2026-02-26 12:19:24,200,Moderate 🟠,Delhi,co
2026-02-26 12:19:24,100,Satisfactory 🟡,Mumbai,co
2026-02-26 12:19:24,250,Poor 🔴,Kolkata,co
2026-02-26 12:19:24,150,Moderate 🟠,Chennai,co
2026-02-26 12:19:24,150,Moderate 🟠,Bengaluru,co
2026-02-26 12:19:55,200,Moderate 🟠,Delhi,co
2026-02-26 12:19:55,100,Satisfactory 🟡,Mumbai,co
2026-02-26 12:19:55,250,Poor 🔴,Kolkata,co
2026-02-26 12:19:55,150,Moderate 🟠,Chennai,co
2026-02-26 12:19:56,150,Moderate 🟠,Bengaluru,co
2026-02-26 12:20:27,200,Moderate 🟠,Delhi,co
2026-02-26 12:20:27,100,Satisfactory 🟡,Mumbai,co
2026-02-26 12:20:27,250,Poor 🔴,Kolkata,co
2026-02-26 12:20:27,150,Moderate 🟠,Chennai,co
2026-02-26 12:20:27,150,Moderate 🟠,Bengaluru,co
2026-02-26 12:20:58,200,Moderate 🟠,Delhi,co
2026-02-26 12:20:58,100,Satisfactory 🟡,Mumbai,co
2026-02-26 12:20:58,250,Poor 🔴,Kolkata,co
2026-02-26 12:20:59,150,Moderate 🟠,Chennai,co
2026-02-26 12:20:59,150,Moderate 🟠,Bengaluru,co
2026-02-26 12:21:30,200,Moderate 🟠,Delhi,co
2026-02-26 12:21:30,100,Satisfactory 🟡,Mumbai,co
2026-02-26 12:21:30,250,Poor 🔴,Kolkata,co
2026-02-26 12:21:31,150,Moderate 🟠,Chennai,co
2026-02-26 12:21:31,150,Moderate 🟠,Bengaluru,co
2026-02-26 12:22:02,200,Moderate 🟠,Delhi,co
2026-02-26 12:22:02,100,Satisfactory 🟡,Mumbai,co
2026-02-26 12:22:02,250,Poor 🔴,Kolkata,co
2026-02-26 12:22:02,150,Moderate 🟠,Chennai,co
2026-02-26 12:22:02,150,Moderate 🟠,Bengaluru,co
2026-02-26 12:22:33,200,Moderate 🟠,Delhi,co
2026-02-26 12:22:33,100,Satisfactory 🟡,Mumbai,co
2026-02-26 12:22:34,250,Poor 🔴,Kolkata,co
2026-02-26 12:22:34,150,Moderate 🟠,Chennai,co
2026-02-26 12:22:34,150,Moderate 🟠,Bengaluru,co
2026-02-26 12:23:05,200,Moderate 🟠,Delhi,co
2026-02-26 12:23:05,100,Satisfactory 🟡,Mumbai,co
2026-02-26 12:23:05,250,Poor 🔴,Kolkata,co
2026-02-26 12:23:06,150,Moderate 🟠,Chennai,co
2026-02-26 12:23:06,150,Moderate 🟠,Bengaluru,co
2026-02-26 12:23:37,200,Moderate 🟠,Delhi,co
2026-02-26 12:23:37,100,Satisfactory 🟡,Mumbai,co
2026-02-26 12:23:37,250,Poor 🔴,Kolkata,co
2026-02-26 12:23:37,150,Moderate 🟠,Chennai,co
2026-02-26 12:23:37,150,Moderate 🟠,Bengaluru,co
2026-02-26 12:24:09,200,Moderate 🟠,Delhi,co
2026-02-26 12:24:09,100,Satisfactory 🟡,Mumbai,co
2026-02-26 12:24:09,250,Poor 🔴,Kolkata,co
2026-02-26 12:24:09,150,Moderate 🟠,Chennai,co
2026-02-26 12:24:09,150,Moderate 🟠,Bengaluru,co
2026-02-26 12:24:41,200,Moderate 🟠,Delhi,co
2026-02-26 12:24:41,100,Satisfactory 🟡,Mumbai,co
2026-02-26 12:24:41,250,Poor 🔴,Kolkata,co
2026-02-26 12:24:41,150,Moderate 🟠,Chennai,co
2026-02-26 12:24:41,150,Moderate 🟠,Bengaluru,co
2026-02-26 12:25:13,200,Moderate 🟠,Delhi,co
2026-02-26 12:25:13,100,Satisfactory 🟡,Mumbai,co
2026-02-26 12:25:13,250,Poor 🔴,Kolkata,co
2026-02-26 12:25:13,150,Moderate 🟠,Chennai,co
2026-02-26 12:25:13,150,Moderate 🟠,Bengaluru,co
2026-02-26 12:25:45,200,Moderate 🟠,Delhi,co
2026-02-26 12:25:45,100,Satisfactory 🟡,Mumbai,co
2026-02-26 12:25:45,250,Poor 🔴,Kolkata,co
2026-02-26 12:25:45,150,Moderate 🟠,Chennai,co
2026-02-26 12:25:45,150,Moderate 🟠,Bengaluru,co
2026-02-26 12:26:15,200,Moderate 🟠,Delhi,co
2026-02-26 12:26:15,100,Satisfactory 🟡,Mumbai,co
2026-02-26 12:26:16,250,Poor 🔴,Kolkata,co
2026-02-26 12:26:16,150,Moderate 🟠,Chennai,co
2026-02-26 12:26:16,150,Moderate 🟠,Bengaluru,co
2026-02-26 12:26:47,200,Moderate 🟠,Delhi,co
2026-02-26 12:26:47,100,Satisfactory 🟡,Mumbai,co
2026-02-26 12:26:48,250,Poor 🔴,Kolkata,co
2026-02-26 12:26:48,150,Moderate 🟠,Chennai,co
2026-02-26 12:26:48,150,Moderate 🟠,Bengaluru,co
2026-02-26 12:27:19,200,Moderate 🟠,Delhi,co
2026-02-26 12:27:19,100,Satisfactory 🟡,Mumbai,co
2026-02-26 12:27:19,250,Poor 🔴,Kolkata,co
2026-02-26 12:27:20,150,Moderate 🟠,Chennai,co
2026-02-26 12:27:20,150,Moderate 🟠,Bengaluru,co
2026-02-26 12:27:51,200,Moderate 🟠,Delhi,co
2026-02-26 12:27:51,100,Satisfactory 🟡,Mumbai,co
2026-02-26 12:27:51,250,Poor 🔴,Kolkata,co
2026-02-26 12:27:51,150,Moderate 🟠,Chennai,co
2026-02-26 12:27:52,150,Moderate 🟠,Bengaluru,co
2026-02-26 12:28:23,200,Moderate 🟠,Delhi,co
2026-02-26 12:28:23,100,Satisfactory 🟡,Mumbai,co
2026-02-26 12:28:23,250,Poor 🔴,Kolkata,co
2026-02-26 12:28:23,150,Moderate 🟠,Chennai,co
2026-02-26 12:28:23,150,Moderate 🟠,Bengaluru,co
2026-02-26 12:28:55,200,Moderate 🟠,Delhi,co
2026-02-26 12:28:55,100,Satisfactory 🟡,Mumbai,co
2026-02-26 12:28:55,250,Poor 🔴,Kolkata,co
2026-02-26 12:28:55,150,Moderate 🟠,Chennai,co
2026-02-26 12:28:55,150,Moderate 🟠,Bengaluru,co
2026-02-26 12:29:27,200,Moderate 🟠,Delhi,co
2026-02-26 12:29:27,100,Satisfactory 🟡,Mumbai,co
2026-02-26 12:29:27,250,Poor 🔴,Kolkata,co
2026-02-26 12:29:27,150,Moderate 🟠,Chennai,co
2026-02-26 12:29:27,150,Moderate 🟠,Bengaluru,co
2026-02-26 12:29:59,200,Moderate 🟠,Delhi,co
2026-02-26 12:29:59,100,Satisfactory 🟡,Mumbai,co
2026-02-26 12:29:59,250,Poor 🔴,Kolkata,co
2026-02-26 12:29:59,150,Moderate 🟠,Chennai,co
2026-02-26 12:29:59,150,Moderate 🟠,Bengaluru,co
